{
    "x_best": [
        25.0,
        60.0,
        72.0,
        0.6939903250937,
        0.07992224707996,
        0.86697908423675
    ],
    "f_best": 0.045163,
    "h_best": 0.0,
    "nb_evals": 250,
    "nb_iters": 0,
    "exit_status": 1
}