{
    "x_best": [
        23.0,
        50.0,
        81.0,
        0.99998,
        0.84,
        0.33753973845455
    ],
    "f_best": 0.049953,
    "h_best": 0.0,
    "nb_evals": 250,
    "nb_iters": 0,
    "exit_status": 1
}