{
    "x_best": [
        0.99343716220505,
        0.99049522083327,
        0.99998116975623
    ],
    "f_best": 0.0486,
    "h_best": 0.0,
    "nb_evals": 5519497904,
    "nb_iters": 0,
    "exit_status": 1
}