{
    "x_best": [
        0.99346,
        0.99062,
        1.0
    ],
    "f_best": 0.049133,
    "h_best": 0.0,
    "nb_evals": 4697949360,
    "nb_iters": 0,
    "exit_status": 1
}