{
    "x_best": [
        1.0,
        0.99999999999994,
        1.0
    ],
    "f_best": 0.050449,
    "h_best": 0.0,
    "nb_evals": 5142582448,
    "nb_iters": 0,
    "exit_status": 0
}