{
    "x_best": [
        0.866012,
        0.75111,
        0.96324,
        0.04859
    ],
    "f_best": 0.051128,
    "h_best": 0.0,
    "nb_evals": 500,
    "nb_iters": 0,
    "exit_status": 1
}