{
    "x_best": [
        0.33799999999999,
        0.0,
        1.0,
        0.09999999999998
    ],
    "f_best": 0.045671,
    "h_best": 0.0,
    "nb_evals": 4647493296,
    "nb_iters": 0,
    "exit_status": 1
}