{
    "x_best": [
        0.76999999999992,
        0.054,
        0.009
    ],
    "f_best": 0.098453,
    "h_best": 0.0,
    "nb_evals": 4706157744,
    "nb_iters": 0,
    "exit_status": 1
}