{
  "methods": [
    "bayesopt",
    "rbf",
    "cma"
  ],
  "times": [
    25957.936825,
    968.067078,
    3.773059
  ],
  "values": [
    [
      0.020279282518815334,
      70.199872238911027,
      18.42387380614484,
      85.4260256850665,
      1.0245927175135871E+6,
      0.1171801749894,
      30.601776358012604,
      22.222455238740547,
      70.6371708692507,
      905804.44778776565
    ],
    [
      0,
      0,
      0.29636212680892038,
      0,
      2751.6993815567835,
      0.022088313754055598,
      0.0013344144442278482,
      0.0026816184403507569,
      0.0087407230481709626,
      8.9500755926869644
    ],
    [
      0.19352640994035752,
      0.028900460033404948,
      0.54748175372601771,
      43.401657229983954,
      4897.8033253444382,
      0.1026048672679027,
      0.97967536444475711,
      0.39630695442596947,
      38.484348914997426,
      548.41568191095257
    ]
  ]
}