{
  "methods": [
    "rbf",
    "cma"
  ],
  "times": [
    27185.003807,
    13.724676
  ],
  "values": [
    [
      0,
      0,
      0.0005323417665724639,
      0,
      8.72972781244961,
      0.0050857153749598082,
      0.00058582157472851222,
      0.25833030835391563,
      0.0058232915752558555,
      8.8957096290367375
    ],
    [
      0.13104388282344354,
      8.0025426372841127E-9,
      0.13401926456123392,
      0.12312756753047616,
      4.7227348748837663,
      0.024597885150683441,
      0.013515510309611178,
      0.042701238182711987,
      4.5296544697346128,
      17.299312321559867
    ]
  ]
}