{
  "methods": [
    "bayesopt",
    "rbf",
    "cma"
  ],
  "times": [
    463.609598,
    62.202376,
    2.420035
  ],
  "values": [
    [
      0.39383366837901068,
      90.237646532762511,
      18.54291044850164,
      92.8046763706144,
      6.8912020840184828E+6,
      0.31393808054349287,
      7.8959011175434712,
      8.1625112928560029,
      88.5897658619104,
      2.63813111760788E+6
    ],
    [
      0.068164682451973324,
      0.000575045143336912,
      1.1517365010554126,
      52.112441560515258,
      120386.01491584181,
      0.039129824981786736,
      0.023274394196217442,
      1.1956834798160549,
      52.398762589793478,
      14393.105397389443
    ],
    [
      0.1001316551638845,
      9.0203876541964263,
      0.65236924258622775,
      102.0327428906357,
      3717.9023200025572,
      0.19466150311339447,
      3.4332498525128057,
      0.71157301284427454,
      84.700880958117111,
      793.131378201951
    ]
  ]
}