{
    "methods": [
        "cma",
        "nomad"
    ],
    "times": [
        1.6014494895935059,
        1146.4658908843994
    ],
    "values": [
        [
            0.0,
            4.146712177573987e-18,
            6.604716773495056e-13,
            100,
            14.039547361461048,
            0.09694374659604277,
            0.0020506184034606986,
            0.006052489418419255,
            100,
            100
        ],
        [
            0.0,
            4.64e-26,
            3.9968028886505635e-15,
            0.9949590570933395,
            7.428747550149476,
            0.008368975679655078,
            0.001068314942054813,
            0.02739767793278259,
            0.00030738977544432435,
            7.491404898392225
        ]
    ]
}