{
    "methods": [
        "cma",
        "nomad"
    ],
    "times": [
        0.06971359252929688,
        4.195919036865234
    ],
    "values": [
        [
            0.17392820860668262,
            100,
            100,
            100,
            100,
            0.14176916997587408,
            100,
            100,
            100,
            100
        ],
        [
            0.0,
            0.5967899866757093,
            0.4273018993107047,
            96.65442702676535,
            146.07706520929096,
            0.6561163060932574,
            1.1632680027023639,
            0.3851735367340056,
            103.2037191042567,
            208.5820532533035
        ]
    ]
}