{
    "methods": [
        "cma",
        "nomad"
    ],
    "times": [
        0.2510111331939697,
        149.93867135047913
    ],
    "values": [
        [
            2.8633518887710707e-05,
            0.007638200220675742,
            100,
            100,
            100,
            0.11446127305513906,
            0.13608370843818351,
            0.21386625244029497,
            100,
            100
        ],
        [
            0.0,
            1.2999999999999998e-26,
            0.004434312460277812,
            1.0,
            10.64,
            0.019540513902160713,
            0.00624792514130145,
            0.11515973757829387,
            0.003466582973735183,
            8.958366707315916
        ]
    ]
}