{
    "methods": [
        "rbf",
        "cma"
    ],
    "times": [
        2134.933969259262,
        12.644583702087402
    ],
    "values": [
        [
            0.0,
            0.0,
            0.0,
            0.0,
            7.495388474094896,
            0.0006010558954642965,
            0.006222064572295821,
            0.0021963555022549166,
            0.03030607101282606,
            8.896034610888043
        ],
        [
            0.3757981639835787,
            4.0535661177205525e-15,
            0.014772407722825176,
            70.64170839578505,
            6.592468824650818e-15,
            0.4637904530854233,
            0.010036507933679505,
            0.06250934088368952,
            11.97310035019268,
            9.595708082536046
        ]
    ]
}