{
    "methods": [
        "bayesopt",
        "rbf",
        "cma"
    ],
    "times": [
        321.4971981048584,
        72.51192426681519,
        0.37308406829833984
    ],
    "values": [
        [
            0.34473915118400367,
            1.3885764281997517,
            1.4807144595934814,
            112.71148079997543,
            2886058.7526937276,
            0.36847958352246063,
            0.707928285388961,
            1.196760634947914,
            112.72745018524445,
            2987819.856251785
        ],
        [
            0.0,
            0.0,
            0.0,
            0.0,
            8.98272737783946,
            0.002298240321082114,
            0.019827762268822626,
            0.03025504688492618,
            0.03299112472152382,
            9.079071016936624
        ],
        [
            0.2721005543341123,
            13675.189984765184,
            443.5228800571378,
            91.49652007718548,
            472445515.4645274,
            0.09915350494253429,
            15123.609269578335,
            254.37814739929618,
            181.35955534260407,
            986695932.6195111
        ]
    ]
}