{
    "methods": [
        "rbf",
        "cma",
        "nomad"
    ],
    "times": [
        2134.933969259262,
        12.644583702087402,
        1077.5011837482452
    ],
    "values": [
        [
            0.0,
            0.0,
            0.0,
            0.0,
            7.495388474094896,
            0.0006010558954642965,
            0.006222064572295821,
            0.0021963555022549166,
            0.03030607101282606,
            8.896034610888043
        ],
        [
            0.3757981639835787,
            4.0535661177205525e-15,
            0.014772407722825176,
            70.64170839578505,
            6.592468824650818e-15,
            0.4637904530854233,
            0.010036507933679505,
            0.06250934088368952,
            11.97310035019268,
            9.595708082536046
        ],
        [
            0.0,
            3.61e-26,
            0.0,
            0.0,
            7.720984973681001e-14,
            0.001192929247558672,
            0.00021800330748987827,
            0.0018178832969879845,
            0.001430895051812185,
            0.5343666772944894
        ]
    ]
}