{
    "methods": [
        "bayesopt",
        "rbf",
        "cma"
    ],
    "times": [
        19455.91373705864,
        2037.7873113155365,
        2.457545280456543
    ],
    "values": [
        [
            0.01898337454545279,
            0.006783011833316785,
            1.0363510280611912,
            14.223356578753368,
            2574535.2879640074,
            0.06875675731408454,
            0.028105448604769545,
            1.1543623497329678,
            10.283980699718075,
            2769315.4194123
        ],
        [
            0.0,
            0.0,
            0.0,
            0.0,
            7.979177247929238,
            0.0006010558954642965,
            0.006222064572295821,
            0.0017285153105547893,
            0.020630682927076104,
            8.896034610888043
        ],
        [
            0.41344202254823015,
            8.523482366537573e-10,
            0.7442585001452617,
            52.63643310511942,
            164.4945413121111,
            0.4676615785810381,
            0.016509255509445517,
            0.9639352911388344,
            70.74904300561117,
            97.99115151752609
        ]
    ]
}