{
    "x_best": [
        0.15877780437071,
        0.00012749999999,
        0.10249059877,
        0.16081971961009,
        0.06524298768433
    ],
    "f_best": 0.286984355240486,
    "h_best": 0.0,
    "nb_evals": 542,
    "nb_iters": 0,
    "exit_status": 1
}