{
    "x_best": [
        0.2478638,
        0.0,
        0.439498668,
        0.00278,
        0.042915346
    ],
    "f_best": 0.5748514753461433,
    "h_best": 0.0,
    "nb_evals": 1000,
    "nb_iters": 0,
    "exit_status": 1
}