{
    "x_best": [
        0.16991138650758,
        8.51020537e-06,
        0.15069918922733,
        0.21665459360754,
        0.16841424863385
    ],
    "f_best": 0.1776870309409589,
    "h_best": 0.0,
    "nb_evals": 558,
    "nb_iters": 0,
    "exit_status": 1
}