{
    "x_best": [
        0.29270174811145,
        2.8316828e-07,
        0.19999951936612,
        3.89875596e-06,
        0.16797788811605
    ],
    "f_best": 0.22093601134744048,
    "h_best": 0.0,
    "nb_evals": 710,
    "nb_iters": 0,
    "exit_status": 1
}