{
    "methods": [
        "nomad"
    ],
    "times": [
        2688.738264799118
    ],
    "values": [
        [
            0.0,
            2.46e-26,
            0.0,
            0.0,
            0.5562937843999999,
            0.00024654155704760934,
            5.083644930390585e-05,
            1.2508579605411603e-05,
            0.00029205082670266723,
            1.6981414332250477
        ]
    ]
}