{
    "methods": [
        "nomad"
    ],
    "times": [
        186.14214062690735
    ],
    "values": [
        [
            0.0,
            2.3400000000000003e-26,
            0.0,
            0.0,
            7.2569452898,
            0.0010826007503007295,
            0.007138205519794264,
            0.0036948658377853436,
            0.003231834632704959,
            8.024134528662627
        ]
    ]
}