{
    "methods": [
        "nomad"
    ],
    "times": [
        83.40571522712708
    ],
    "values": [
        [
            0.0,
            4.62e-26,
            0.0,
            0.0,
            7.3416110241000005,
            0.0070676096942426415,
            0.9740674242695768,
            0.5353484549009103,
            129.7686319669521,
            182.66800439223067
        ]
    ]
}