{
    "times": [
        [
            2.9931588172912598,
            17.423696041107178,
            24.641080856323242,
            3.1859190464019775,
            14.856396913528442,
            7.005136966705322,
            16.41111397743225,
            28.908693075180054,
            45.74743413925171,
            27.999943017959595
        ],
        [
            7.849392890930176,
            4.5170910358428955,
            4.5294189453125,
            5.169793128967285,
            5.772170066833496,
            47.36891508102417,
            58.96866989135742,
            7.226345062255859,
            9.9894700050354,
            15.361246824264526
        ],
        [
            0.03377103805541992,
            0.014784097671508789,
            0.01702880859375,
            0.016131877899169922,
            0.03476095199584961,
            0.0221860408782959,
            0.11745095252990723,
            0.042900800704956055,
            0.045472145080566406,
            0.05005025863647461
        ]
    ],
    "values": [
        [
            -0.34473915118400367,
            -0.6892467123208955,
            -1.2775989885749093,
            -112.71148079997543,
            -3017367.8011810835,
            -1547.7352774538874,
            -12319133.335016923,
            -355740159342.71533,
            -395.13174073123406,
            -3025432.2781602363
        ],
        [
            0.0,
            0.0,
            0.0,
            0.0,
            8.982727377837335,
            0.6441902150188829,
            4.113369220882557,
            9.21061346920344,
            9.150341373779098,
            9.344168714447948
        ],
        [
            0.27210055197767397,
            15046.05972256458,
            445.65153517696075,
            90.20421197623142,
            419384267.0167624,
            2914432.0017906683,
            594690996.3697973,
            18024860492106.19,
            917.1216977593416,
            861941399.8889965
        ]
    ]
}