{
    "methods": [
        "nomad"
    ],
    "times": [
        221.9434678554535
    ],
    "values": [
        [
            0.0,
            3.23e-26,
            0.0,
            0.0,
            3.8401100260999996,
            0.00032564792256493957,
            0.0016695633797693284,
            0.008031271423768863,
            105.8353039501773,
            191.90056667386762
        ]
    ]
}