{
    "methods": [
        "nomad"
    ],
    "times": [
        620.8918733596802
    ],
    "values": [
        [
            6.627699506798425e-14,
            0.12412314086621602
        ]
    ]
}