{
    "methods": [
        "nomad"
    ],
    "times": [
        1002.1160478591919
    ],
    "values": [
        [
            3.2426680377417145e-14,
            0.6456929343962887
        ]
    ]
}