{
    "x_best": [
        0.02221810290607,
        0.0,
        0.77035741396735,
        0.03820641416502,
        0.15591170397262
    ],
    "f_best": 0.32846354866101485,
    "h_best": 0.0,
    "nb_evals": 4975966384,
    "nb_iters": 0,
    "exit_status": 1
}