{
    "x_best": [
        0.0215,
        0.00017,
        0.75512,
        0.001,
        0.00187
    ],
    "f_best": 0.33401450101084695,
    "h_best": 0.0,
    "nb_evals": 5021178032,
    "nb_iters": 0,
    "exit_status": 1
}