{
    "x_best": [
        0.00081296908703,
        0.69630016572367,
        0.30287406064544,
        -0.0,
        7.0400013e-06
    ],
    "f_best": 0.14217845028361872,
    "h_best": 0.0,
    "nb_evals": 5618004144,
    "nb_iters": 0,
    "exit_status": 1
}