{
    "x_best": [
        -1e-14,
        0.02140309263578,
        0.90800016132986,
        0.0043,
        0.04853290277248
    ],
    "f_best": 0.6160042363975683,
    "h_best": 0.0,
    "nb_evals": 1000,
    "nb_iters": 0,
    "exit_status": 1
}