{
    "x_best": [
        5.6400746e-07,
        0.36670261668506,
        0.06670031464282,
        0.0,
        0.26669605803196
    ],
    "f_best": 0.25962872588329955,
    "h_best": 0.0,
    "nb_evals": 508,
    "nb_iters": 0,
    "exit_status": 1
}