{
    "x_best": [
        0.36146426873554,
        0.04126613019476,
        0.41355290430224,
        0.0436681,
        0.00117530127048
    ],
    "f_best": 0.18112352293866413,
    "h_best": 0.0,
    "nb_evals": 5634710192,
    "nb_iters": 0,
    "exit_status": 1
}