{
    "x_best": [
        0.3355946646921,
        0.0307191461402,
        0.5298271047085,
        0.0562787718999,
        0.006923205067010001
    ],
    "f_best": 0.17813475788165894,
    "h_best": 0.0,
    "nb_evals": 5508938928,
    "nb_iters": 0,
    "exit_status": 1
}