{
    "x_best": [
        0.16424454753967,
        0.06885445645594,
        0.65200356460783,
        0.03160337660697,
        0.08191192547478
    ],
    "f_best": 0.52689864986299,
    "h_best": 0.0,
    "nb_evals": 5634237104,
    "nb_iters": 0,
    "exit_status": 1
}