{
    "x_best": [
        0.13052999996439,
        0.20920000510402,
        0.01400000531332,
        0.20817999973475,
        0.20791001275697
    ],
    "f_best": 0.2671788581441205,
    "h_best": 0.0,
    "nb_evals": 553,
    "nb_iters": 0,
    "exit_status": 1
}