{
    "x_best": [
        0.310438201,
        0.09959254,
        0.41659693900001,
        0.07749608,
        0.0
    ],
    "f_best": 0.6081011145303272,
    "h_best": 0.0,
    "nb_evals": 1000,
    "nb_iters": 0,
    "exit_status": 1
}