{
    "x_best": [
        0.016287599999,
        0.04518326000059,
        0.36257682939969,
        0.06438390660086,
        0.08262699999775
    ],
    "f_best": 0.13420869177116238,
    "h_best": 0.0,
    "nb_evals": 659,
    "nb_iters": 0,
    "exit_status": 1
}