{
    "x_best": [
        0.09707,
        0.0002286,
        0.3953416,
        0.0051325,
        0.2389984
    ],
    "f_best": 0.6659991632032009,
    "h_best": 0.0,
    "nb_evals": 5004339376,
    "nb_iters": 0,
    "exit_status": 1
}