{
    "x_best": [
        0.10248127442141,
        0.4394078,
        0.06679838154387,
        0.1483431,
        0.1559
    ],
    "f_best": 0.11409010987297666,
    "h_best": 0.0,
    "nb_evals": 1000,
    "nb_iters": 0,
    "exit_status": 1
}