{
    "x_best": [
        0.393,
        0.003,
        0.09570000000008,
        0.13,
        0.1997
    ],
    "f_best": 0.0158834,
    "h_best": 0.0,
    "nb_evals": 4790801584,
    "nb_iters": 0,
    "exit_status": 1
}