{
    "x_best": [
        0.4357524,
        0.0008809,
        0.1171622,
        0.1657877,
        0.243523
    ],
    "f_best": 0.0265638,
    "h_best": 0.0,
    "nb_evals": 5036433584,
    "nb_iters": 0,
    "exit_status": 1
}